{
  "project_info": {
    "project_number": "120282218020",
    "firebase_url": "https://yohoo-6cc3b.firebaseio.com",
    "project_id": "yohoo-6cc3b",
    "storage_bucket": "yohoo-6cc3b.appspot.com"
  },
  "client": [
    {
      "client_info": {
        "mobilesdk_app_id": "1:120282218020:android:c4d50fac291fc5b7",
        "android_client_info": {
          "package_name": "com.verbosetech.yoohoo"
        }
      },
      "oauth_client": [
        {
          "client_id": "120282218020-f4eujahj8d77bstc2go87hk23ipt0680.apps.googleusercontent.com",
          "client_type": 1,
          "android_info": {
            "package_name": "com.verbosetech.yoohoo",
            "certificate_hash": "37aacc019c9a736d53a6137d18023b9ebb292c1f"
          }
        },
        {
          "client_id": "120282218020-u9ckb9a1jmt1ht1lmhv4mamtl2qtab6u.apps.googleusercontent.com",
          "client_type": 3
        }
      ],
      "api_key": [
        {
          "current_key": "AIzaSyCjlWXT6i6X-rsQDwOTWGwOUUCL6WnmLWQ"
        }
      ],
      "services": {
        "appinvite_service": {
          "other_platform_oauth_client": [
            {
              "client_id": "120282218020-u9ckb9a1jmt1ht1lmhv4mamtl2qtab6u.apps.googleusercontent.com",
              "client_type": 3
            }
          ]
        }
      }
    }
  ],
  "configuration_version": "1"
}